price, population, city, area 
214286, 5928,  Заречье, Московская область 
146970, 12380664,  Москва, Московская область 
118729, 99989,  Реутов, Московская область 
106903, 44353,  Котельники, Московская область 
105000, 5658,  Новоивановское, Московская область 
99888, 244668,  Химки, Московская область 
99282, 104238,  Долгопрудный, Московская область 
97203, 141493,  Одинцово, Московская область 
96970, 54788,  Дзержинский, Московская область 
96319, 5281579,  Санкт-Петербург, Ленинградская область 
96057, 153393,  Красногорск, Московская область 
95556, 194882,  Южно-Сахалинск, Сахалинская область 
95006, 197705,  Люберцы, Московская область 
94914, 4709,  Красная Поляна, Краснодарский край 
93333, 205397,  Мытищи, Московская область 
92349, 9162,  Лесной Городок, Московская область 
90909, 606589,  Владивосток, Приморский край 
90000, 79457,  Ялта, Крым 
86721, 221797,  Королев, Московская область 
86667, 41287,  Краснознаменск, Московская область 
85704, 65074,  Видное, Московская область 
85135, 113254,  Новый Уренгой, Ямало-Ненецкий АО 
84091, 12944,  Селятино, Московская область 
83962, 108980,  Жуковский, Московская область 
83333, 57565,  Лыткарино, Московская область 
81690, 29558,  Дедовск, Московская область 
81169, 450771,  Балашиха, Московская область 
80406, 87352,  Лобня, Московская область 
80000, 29668,  Алушта, Крым 
80000, 26610,  Апрелевка, Московская область 
79710, 24068,  Красково, Московская область 
79602, 12603,  Большие Вяземы, Московская область 
79251, 41983,  Нахабино, Московская область 
78788, 411524,  Сочи, Краснодарский край 
78682, 18502,  Октябрьский, Московская область 
77053, 31649,  Томилино, Московская область 
77000, 299660,  Подольск, Московская область 
76190, 25880,  Малаховка, Московская область 
76087, 17660,  Голицыно, Московская область 
76028, 48507,  Салехард, Ямало-Ненецкий АО 
75714, 15036,  Удельная, Московская область 
75342, 35376,  Мирный, Саха (Якутия) 
75186, 124285,  Домодедово, Московская область 
74709, 3379,  Черкизово, Московская область 
74387, 10135,  Кузьмоловский, Ленинградская область 
74375, 112989,  Раменское, Московская область 
74340, 11444,  Андреевка, Московская область 
74286, 4949,  Ржавки, Московская область 
73483, 106577,  Пушкино, Московская область 
73333, 11123,  Ильинский, Московская область 
72802, 68045,  Сосновый Бор, Ленинградская область 
72727, 74497,  Ивантеевка, Московская область 
72727, 7203,  Менделеево, Московская область 
72599, 62002,  Наро-Фоминск, Московская область 
72099, 428753,  Севастополь, Крым 
71207, 21621,  Черноголовка, Московская область 
70909, 307911,  Якутск, Саха (Якутия) 
70818, 34790,  Истра, Московская область 
70320, 10829,  Быково, Московская область 
70225, 21910,  Калининец, Московская область 
70000, 75018,  Дубна, Московская область 
70000, 24654,  Нарьян-Мар, Ненецкий АО 
68889, 52642,  Солнечногорск, Московская область 
68571, 74887,  Геленджик, Краснодарский край 
67857, 125843,  Щёлково, Московская область 
67532, 21948,  Звенигород, Московская область 
66730, 60408,  Фрязино, Московская область 
66667, 5616,  Токсово, Ленинградская область 
66427, 360590,  Сургут, Ханты-Мансийский АО 
66111, 2972,  Снегири, Московская область 
65998, 20363,  Кубинка, Московская область 
65868, 98692,  Ханты-Мансийск, Ханты-Мансийский АО 
65833, 95065,  Саров, Нижегородская область 
65784, 8983,  Кратово, Московская область 
65385, 616242,  Хабаровск, Хабаровский край 
65217, 5205,  Родники, Московская область 
64860, 70292,  Всеволожск, Ленинградская область 
64706, 66341,  Ступино, Московская область 
64592, 1455514,  Екатеринбург, Свердловская область 
64463, 8017,  Алупка, Крым 
64286, 10329,  Правдинский, Московская область 
64286, 341155,  Симферополь, Крым 
64133, 51307,  Сертолово, Ленинградская область 
64035, 1231878,  Казань, Татарстан 
64000, 7906,  Загорянский, Московская область 
63973, 126157,  Нефтеюганск, Ханты-Мансийский АО 
63438, 5999,  Янино-1, Ленинградская область 
63385, 70548,  Чехов, Московская область 
63357, 16756,  Судак, Крым 
63095, 67506,  Дмитров, Московская область 
62849, 27238,  Губкинский, Ямало-Ненецкий АО 
62609, 20687,  Электроугли, Московская область 
62593, 22396,  Бронницы, Московская область 
62163, 20862,  Монино, Московская область 
61818, 8547,  Поварово, Московская область 
61704, 36823,  Протвино, Московская область 
61484, 11071,  Некрасовский, Московская область 
61364, 8398,  Лесной, Московская область 
61364, 9430,  Анива, Сахалинская область 
61290, 183996,  Северодвинск, Архангельская область 
60740, 113639,  Обнинск, Калужская область 
60656, 95186,  Гатчина, Ленинградская область 
60606, 5049,  Столбовая, Московская область 
60569, 15938,  Кольцово, Новосибирская область 
60156, 180454,  Петропавловск-Камчатский, Камчатский край 
59936, 1115560,  Уфа, Башкортостан 
59911, 4070,  Икша, Московская область 
59856, 104579,  Сергиев Посад, Московская область 
59776, 15468,  Анадырь, Чукотский АО 
59333, 14245,  Яхрома, Московская область 
59311, 38771,  Елизово, Камчатский край 
58889, 1261666,  Нижний Новгород, Нижегородская область 
58889, 6475,  Деденево, Московская область 
58750, 351488,  Архангельск, Архангельская область 
58664, 21444,  Хотьково, Московская область 
58636, 21973,  Старая Купавна, Московская область 
58507, 106732,  Артем, Приморский край 
58333, 38493,  Большой Камень, Приморский край 
58209, 21148,  Пущино, Московская область 
58140, 170660,  Уссурийск, Приморский край 
57838, 106158,  Евпатория, Крым 
57782, 7178,  Искателей, Ненецкий АО 
57653, 11554,  Михнево, Московская область 
57363, 9343,  Свердловский, Московская область 
57346, 21888,  Никольское, Ленинградская область 
57339, 25370,  Лосино-Петровский, Московская область 
57313, 26608,  Красноармейск, Московская область 
57178, 14763,  Шлиссельбург, Ленинградская область 
57143, 37875,  Тосно, Ленинградская область 
57096, 67993,  Феодосия, Крым 
56857, 21965,  Коммунар, Ленинградская область 
56522, 158508,  Электросталь, Московская область 
56470, 33213,  Корсаков, Сахалинская область 
56429, 10062,  Обухово, Московская область 
56391, 14418,  Рощино, Ленинградская область 
56250, 14952,  Софрино, Московская область 
56250, 18412,  Тучково, Московская область 
55769, 13030,  Светлогорск, Калининградская область 
55714, 79056,  Клин, Московская область 
55401, 3204,  Павлово, Ленинградская область 
55375, 21665,  Тарко-Сале, Ямало-Ненецкий АО 
55357, 144125,  Коломна, Московская область 
55357, 64704,  Когалым, Ханты-Мансийский АО 
55263, 25344,  Отрадное, Ленинградская область 
54994, 5677,  Барсово, Ханты-Мансийский АО 
54902, 40798,  Пыть-Ях, Ханты-Мансийский АО 
54899, 1602915,  Новосибирск, Новосибирская область 
54545, 102267,  Ногинск, Московская область 
54545, 25978,  Кировск, Ленинградская область 
54442, 9728,  Ашукино, Московская область 
53958, 224419,  Благовещенск, Амурская область 
53704, 75375,  Анапа, Краснодарский край 
53618, 69117,  Верхняя Пышма, Свердловская область 
53608, 274575,  Нижневартовск, Ханты-Мансийский АО 
53333, 1125299,  Ростов-на-Дону, Ростовская область 
53333, 125929,  Серпухов, Московская область 
53333, 78457,  Выборг, Ленинградская область 
53226, 151420,  Находка, Приморский край 
53187, 391135,  Белгород, Белгородская область 
53030, 106879,  Ноябрьск, Ямало-Ненецкий АО 
53012, 744554,  Тюмень, Тюменская область 
53000, 15493,  Зеленоградск, Калининградская область 
52920, 270774,  Новороссийск, Краснодарский край 
52913, 13403,  Руза, Московская область 
52768, 116015,  Кызыл, Тыва 
52439, 6691,  Скоропусковский, Московская область 
52419, 623736,  Иркутск, Иркутская область 
52273, 97806,  Ухта, Коми 
52090, 1169719,  Самара, Самарская область 
52023, 25752,  Балабаново, Калужская область 
51923, 244646,  Сыктывкар, Коми 
51760, 57194,  Березовский, Свердловская область 
51750, 4346,  Лебяжье, Ленинградская область 
51667, 341892,  Калуга, Калужская область 
51667, 13756,  Пересвет, Московская область 
51546, 17284,  Белый Яр, Ханты-Мансийский АО 
51515, 62841,  Туапсе, Краснодарский край 
51282, 9079,  Жатай, Саха (Якутия) 
51163, 24885,  Саки, Крым 
51111, 23768,  Краснообск, Новосибирская область 
50769, 467289,  Калининград, Калининградская область 
50755, 65432,  Павловский Посад, Московская область 
50685, 2872,  Большая Ижора, Ленинградская область 
50000, 3459,  Рахья, Ленинградская область 
50000, 30439,  Можайск, Московская область 
50000, 11352,  Пионерский, Калининградская область 
50000, 298096,  Мурманск, Мурманская область 
50000, 44828,  Аксай, Ростовская область 
50000, 92711,  Магадан, Магаданская область 
50000, 572740,  Томск, Томская область 
50000, 1082933,  Красноярск, Красноярский край 
49800, 485221,  Тула, Тульская область 
49587, 3718,  Угольные Копи, Чукотский АО 
49575, 5529,  Янтарный, Калининградская область 
49186, 12430,  Вырица, Ленинградская область 
49096, 4062,  Синявино, Ленинградская область 
49002, 38800,  Усинск, Коми 
48960, 10692,  Кременки, Калужская область 
48824, 1048005,  Пермь, Пермский край 
48813, 48283,  Мегион, Ханты-Мансийский АО 
48718, 57765,  Нягань, Ханты-Мансийский АО 
48611, 149566,  Керчь, Крым 
48483, 6329,  Форносово, Ленинградская область 
48462, 7031,  Дубровка, Ленинградская область 
47970, 22896,  Среднеуральск, Свердловская область 
47917, 23375,  Федоровский, Ханты-Мансийский АО 
47871, 23660,  Ленск, Саха (Якутия) 
47857, 145836,  Пятигорск, Ставропольский край 
47848, 26436,  Пойковский, Ханты-Мансийский АО 
47727, 9288,  Белоусово, Калужская область 
47674, 119956,  Орехово-Зуево, Московская область 
47578, 39345,  Конаково, Тверская область 
47500, 11708,  Долинск, Сахалинская область 
47297, 12314,  Славянка, Приморский край 
47231, 5741,  Приладожский, Ленинградская область 
47143, 20838,  Волоколамск, Московская область 
47101, 5225,  Красный Бор, Ленинградская область 
46889, 6992,  Вербилки, Московская область 
46842, 27791,  Малоярославец, Калужская область 
46809, 37150,  Югорск, Ханты-Мансийский АО 
46710, 12548,  Запрудня, Московская область 
46677, 529797,  Набережные Челны, Татарстан 
46667, 4203,  Пролетарский, Московская область 
46591, 29194,  Обь, Новосибирская область 
46479, 84259,  Ейск, Краснодарский край 
46361, 49247,  Кашира, Московская область 
46333, 646277,  Ижевск, Удмуртия 
46154, 347088,  Чита, Забайкальский край 
46065, 12649,  Ульяновка, Ленинградская область 
46059, 18849,  Разумное, Белгородская область 
46026, 13251,  Жуков, Калужская область 
45991, 3283,  Тайцы, Ленинградская область 
45899, 10671,  Высоковск, Московская область 
45766, 4964,  Большие Дворы, Московская область 
45752, 608079,  Ярославль, Ярославская область 
45576, 881476,  Краснодар, Краснодарский край 
45574, 28217,  Холмск, Сахалинская область 
45566, 10158,  Ермолино, Калужская область 
45455, 21089,  Куровское, Московская область 
45455, 30271,  Луховицы, Московская область 
45313, 11310,  Фряново, Московская область 
45213, 278551,  Петрозаводск, Карелия 
45192, 36732,  Горячеводский, Ставропольский край 
45192, 94019,  Воскресенск, Московская область 
45097, 15162,  Арамиль, Свердловская область 
45000, 419363,  Тверь, Тверская область 
45000, 10966,  Боровск, Калужская область 
44826, 32175,  Мирный, Архангельская область 
44695, 3864,  Малино, Московская область 
44607, 10543,  Северный, Белгородская область 
44598, 103290,  Бердск, Новосибирская область 
44444, 7010,  Советский, Ленинградская область 
44333, 314789,  Саранск, Мордовия 
44310, 29526,  Костомукша, Карелия 
44304, 38447,  Алексеевка, Белгородская область 
44286, 24526,  Строитель, Белгородская область 
44262, 67723,  Кстово, Нижегородская область 
44255, 11638,  Дрезна, Московская область 
44231, 81335,  Азов, Ростовская область 
44118, 1015586,  Волгоград, Волгоградская область 
44054, 124705,  Батайск, Ростовская область 
44000, 4651,  Оболенск, Московская область 
43902, 5105,  Лотошино, Московская область 
43750, 27188,  Бахчисарай, Крым 
43698, 356168,  Владимир, Владимирская область 
43617, 47312,  Кингисепп, Ленинградская область 
43590, 9302,  Таруса, Калужская область 
43548, 11835,  Удачный, Саха (Якутия) 
43415, 633301,  Барнаул, Алтайский край 
43410, 7682,  Стройкерамика, Самарская область 
43382, 50759,  Снежинск, Челябинская область 
43333, 40108,  Темрюк, Краснодарский край 
43284, 98886,  Тобольск, Тюменская область 
43269, 181709,  Абакан, Хакасия 
43103, 10005,  Ноглики, Сахалинская область 
43077, 15264,  Белокуриха, Алтайский край 
43059, 122478,  Черкесск, Карачаево-Черкесия 
43027, 431922,  Улан-Удэ, Бурятия 
43001, 3468,  Шудаяг, Коми 
42969, 1039801,  Воронеж, Воронежская область 
42763, 27617,  Заречный, Свердловская область 
42727, 44660,  Надым, Ямало-Ненецкий АО 
42626, 40559,  Урай, Ханты-Мансийский АО 
42612, 33181,  Балтийск, Калининградская область 
42593, 489498,  Чебоксары, Чувашия 
42539, 5123,  Верея, Московская область 
42500, 10717,  Шаховская, Московская область 
42489, 1120,  Высоцк, Ленинградская область 
42347, 11384,  Усть-Кинельский, Самарская область 
42314, 16311,  Гурьевск, Калининградская область 
42308, 10551,  Воротынск, Калужская область 
42303, 13727,  Борисовка, Белгородская область 
42273, 33222,  Шатура, Московская область 
42240, 36807,  Горячий Ключ, Краснодарский край 
42224, 73723,  Егорьевск, Московская область 
42188, 113929,  Октябрьский, Башкортостан 
42105, 129861,  Кисловодск, Ставропольский край 
42029, 7821,  Волжский, Самарская область 
42008, 23673,  Северобайкальск, Бурятия 
42000, 13297,  Краснозаводск, Московская область 
42000, 556920,  Кемерово, Кемеровская область 
41892, 8981,  Богородское, Московская область 
41825, 79265,  Озерск, Челябинская область 
41766, 10223,  Мга, Ленинградская область 
41763, 19597,  Излучинск, Ханты-Мансийский АО 
41758, 9941,  Новосемейкино, Самарская область 
41756, 523726,  Пенза, Пензенская область 
41667, 20995,  Березовка, Красноярский край 
41667, 23076,  Электрогорск, Московская область 
41667, 29456,  Советский, Ханты-Мансийский АО 
41625, 3346,  Решетниково, Московская область 
41429, 6668,  Большое Козино, Нижегородская область 
41379, 63295,  Горно-Алтайск, Республика Алтай 
41353, 537622,  Рязань, Рязанская область 
41250, 29285,  Гагарин, Смоленская область 
41111, 510439,  Липецк, Липецкая область 
41111, 1178391,  Омск, Омская область 
41074, 13104,  Бодайбо, Иркутская область 
41009, 5739,  Приморск, Ленинградская область 
40984, 38776,  Курчатов, Курская область 
40984, 9177,  Покровск, Саха (Якутия) 
40909, 104547,  Арзамас, Нижегородская область 
40803, 23672,  Маркова, Иркутская область 
40752, 6725,  Новозавидовский, Тверская область 
40698, 83486,  Чайковский, Пермский край 
40690, 12610,  Сиверский, Ленинградская область 
40625, 28103,  Десногорск, Смоленская область 
40625, 222594,  Великий Новгород, Новгородская область 
40541, 29691,  Ликино-Дулево, Московская область 
40476, 64982,  Заречный, Пензенская область 
40371, 31607,  Нововоронеж, Воронежская область 
40323, 406933,  Иваново, Ивановская область 
40299, 6998,  Петра Дубрава, Самарская область 
40278, 32540,  Муравленко, Ямало-Ненецкий АО 
40244, 277648,  Кострома, Костромская область 
40244, 154262,  Альметьевск, Татарстан 
40193, 564443,  Оренбург, Оренбургская область 
40187, 501468,  Киров, Кировская область 
40179, 78385,  Бор, Нижегородская область 
40163, 290365,  Тамбов, Тамбовская область 
40000, 18616,  Приозерск, Ленинградская область 
40000, 52767,  Арсеньев, Приморский край 
40000, 20962,  Сысерть, Свердловская область 
40000, 249810,  Комсомольск-на-Амуре, Хабаровский край 
40000, 239200,  Нальчик, Кабардино-Балкария 
40000, 19964,  Южный, Алтайский край 
39930, 74095,  Биробиджан, Еврейская АО 
39855, 9193,  Смышляевка, Самарская область 
39855, 39841,  Лянтор, Ханты-Мансийский АО 
39850, 2893,  Сычево, Московская область 
39739, 10681,  Невельск, Сахалинская область 
39725, 49149,  Лесной, Свердловская область 
39703, 168766,  Новочеркасск, Ростовская область 
39655, 51930,  Кириши, Ленинградская область 
39623, 12985,  Талдом, Московская область 
39565, 68410,  Туймазы, Башкортостан 
39474, 43534,  Лангепас, Ханты-Мансийский АО 
39474, 17308,  Покров, Владимирская область 
39375, 223360,  Старый Оскол, Белгородская область 
39347, 313012,  Вологда, Вологодская область 
39286, 5078,  Верхнее Дуброво, Свердловская область 
39218, 8518,  Лаишево, Татарстан 
39216, 41733,  Стрежевой, Томская область 
39130, 2766,  Лесная Поляна, Ярославская область 
39073, 125647,  Новомосковск, Тульская область 
39063, 710567,  Тольятти, Самарская область 
39024, 26121,  Дальнереченск, Приморский край 
39010, 2877,  Зарубино, Приморский край 
39000, 592976,  Махачкала, Дагестан 
39000, 23368,  Зарайск, Московская область 
38966, 102933,  Новокуйбышевск, Самарская область 
38889, 39375,  Сосновоборск, Красноярский край 
38855, 7050,  Березово, Ханты-Мансийский АО 
38750, 35321,  Кинель, Самарская область 
38710, 329853,  Смоленск, Смоленская область 
38710, 280233,  Стерлитамак, Башкортостан 
38677, 99235,  Зеленодольск, Татарстан 
38661, 22408,  Чишмы, Башкортостан 
38542, 11150,  Алексеевка, Самарская область 
38503, 16442,  Белогорск, Крым 
38462, 226374,  Ангарск, Иркутская область 
38462, 6048,  Маслова Пристань, Белгородская область 
38462, 306978,  Владикавказ, Северная Осетия 
38438, 39105,  Переславль-Залесский, Ярославская область 
38421, 624518,  Ульяновск, Ульяновская область 
38372, 42465,  Шебекино, Белгородская область 
38333, 22140,  Светлый, Калининградская область 
38333, 532504,  Астрахань, Астраханская область 
38235, 318633,  Орел, Орловская область 
38217, 15741,  Ясногорск, Тульская область 
38211, 37715,  Учалы, Башкортостан 
38182, 84144,  Железногорск, Красноярский край 
38136, 2780,  Донское, Калининградская область 
38012, 449063,  Курск, Курская область 
37938, 37883,  Ахтубинск, Астраханская область 
37931, 6652,  Николаевка, Еврейская АО 
37903, 1198858,  Челябинск, Челябинская область 
37857, 66014,  Славянск-на-Кубани, Краснодарский край 
37838, 20419,  Арск, Татарстан 
37736, 13962,  Айхал, Саха (Якутия) 
37618, 9303,  Звездный, Пермский край 
37594, 20142,  Белоярский, Ханты-Мансийский АО 
37500, 231797,  Дзержинск, Нижегородская область 
37500, 31925,  Приморско-Ахтарск, Краснодарский край 
37500, 57254,  Крымск, Краснодарский край 
37500, 65259,  Ишим, Тюменская область 
37500, 9081,  Прохоровка, Белгородская область 
37500, 25105,  Железноводск, Ставропольский край 
37441, 13141,  Забайкальск, Забайкальский край 
37333, 66445,  Белогорск, Амурская область 
37333, 107404,  Ессентуки, Ставропольский край 
37227, 4610,  Любань, Ленинградская область 
37143, 1391,  Сатис, Нижегородская область 
37120, 10231,  Плесецк, Архангельская область 
37097, 433577,  Ставрополь, Ставропольский край 
37037, 173260,  Сызрань, Самарская область 
37037, 10514,  Каменоломни, Ростовская область 
37000, 38735,  Новодвинск, Архангельская область 
37000, 109809,  Муром, Владимирская область 
36979, 13382,  Петушки, Владимирская область 
36940, 57900,  Тихвин, Ленинградская область 
36927, 291687,  Грозный, Чеченская Республика 
36923, 5434,  Усть-Нера, Саха (Якутия) 
36870, 58088,  Щекино, Тульская область 
36866, 32355,  Трехгорный, Челябинская область 
36842, 845300,  Саратов, Саратовская область 
36839, 15928,  Бикин, Хабаровский край 
36833, 7926,  Ялга, Мордовия 
36744, 318856,  Череповец, Вологодская область 
36730, 326055,  Волжский, Волгоградская область 
36667, 26571,  Сосногорск, Коми 
36667, 59328,  Александров, Владимирская область 
36667, 45504,  Кимры, Тверская область 
36667, 42272,  Усть-Кут, Иркутская область 
36658, 3537,  Приамурский, Еврейская АО 
36552, 13021,  Полазна, Пермский край 
36458, 98063,  Воткинск, Удмуртия 
36394, 209840,  Псков, Псковская область 
36364, 47608,  Шелехов, Иркутская область 
36364, 11149,  Междуреченский, Ханты-Мансийский АО 
36291, 17905,  Покачи, Ханты-Мансийский АО 
36275, 27189,  Соль-Илецк, Оренбургская область 
36250, 107922,  Северск, Томская область 
36232, 143343,  Майкоп, Адыгея 
36207, 37749,  Абинск, Краснодарский край 
36118, 17618,  Каа-Хем, Тыва 
36117, 7232,  Мирный, Самарская область 
36111, 322042,  Курган, Курганская область 
36042, 18535,  Радужный, Владимирская область 
36000, 22141,  Городище, Волгоградская область 
35946, 6893,  Октябрьский, Белгородская область 
35938, 9354,  Первомайский, Тульская область 
35897, 124447,  Первоуральск, Свердловская область 
35837, 9749,  Суздаль, Владимирская область 
35833, 89657,  Каменск-Шахтинский, Ростовская область 
35800, 18527,  Медведево, Марий Эл 
35792, 28669,  Удомля, Тверская область 
35774, 47489,  Ливны, Орловская область 
35714, 8413,  Новая Ладога, Ленинградская область 
35714, 10504,  Ракитное, Белгородская область 
35714, 11492,  Емельяново, Красноярский край 
35714, 355693,  Нижний Тагил, Свердловская область 
35704, 3947,  Будогощь, Ленинградская область 
35673, 34955,  Благовещенск, Башкортостан 
35625, 10724,  Хилок, Забайкальский край 
35599, 20381,  Котельниково, Волгоградская область 
35556, 266675,  Йошкар-Ола, Марий Эл 
35520, 37025,  Беслан, Северная Осетия 
35490, 37092,  Коряжма, Архангельская область 
35455, 34679,  Валуйки, Белгородская область 
35450, 41409,  Моздок, Северная Осетия 
35450, 37480,  Кыштым, Челябинская область 
35385, 8404,  Рамонь, Воронежская область 
35292, 35540,  Миллерово, Ростовская область 
35261, 35785,  Луга, Ленинградская область 
35242, 18762,  Сортавала, Карелия 
35240, 25047,  Павловск, Воронежская область 
35227, 126072,  Новочебоксарск, Чувашия 
35192, 73817,  Елабуга, Татарстан 
35185, 7744,  Хорлово, Московская область 
35185, 13025,  Калязин, Тверская область 
35161, 225752,  Энгельс, Саратовская область 
35135, 26797,  Семилуки, Воронежская область 
35135, 58163,  Павлово, Нижегородская область 
35122, 3675,  Пески, Московская область 
35088, 63049,  Лениногорск, Татарстан 
35000, 34388,  Богородск, Нижегородская область 
35000, 22776,  Вельск, Архангельская область 
35000, 11700,  Алексеевское, Татарстан 
35000, 46330,  Бирск, Башкортостан 
34971, 13186,  Гвардейск, Калининградская область 
34911, 24886,  Зерноград, Ростовская область 
34906, 30858,  Дюртюли, Башкортостан 
34884, 86316,  Бузулук, Оренбургская область 
34848, 45195,  Волхов, Ленинградская область 
34768, 9701,  Кола, Мурманская область 
34750, 17341,  Васильево, Татарстан 
34697, 169929,  Каменск-Уральский, Свердловская область 
34682, 8370,  Кировский, Приморский край 
34677, 41348,  Усть-Лабинск, Краснодарский край 
34669, 105264,  Ачинск, Красноярский край 
34642, 5189,  Чик, Новосибирская область 
34629, 13006,  Сясьстрой, Ленинградская область 
34615, 190871,  Армавир, Краснодарский край 
34524, 62669,  Борисоглебск, Воронежская область 
34511, 14026,  Товарково, Калужская область 
34444, 62632,  Ревда, Свердловская область 
34398, 10539,  Ивангород, Ленинградская область 
34375, 28257,  Гусев, Калининградская область 
34375, 11571,  Знаменка, Орловская область 
34375, 93628,  Глазов, Удмуртия 
34375, 22477,  Лермонтов, Ставропольский край 
34375, 23107,  Таштагол, Кемеровская область 
34375, 58329,  Алексин, Тульская область 
34364, 54156,  Свободный, Амурская область 
34300, 13187,  Вяземский, Хабаровский край 
34286, 33189,  Тында, Амурская область 
34286, 30353,  Котовск, Тамбовская область 
34286, 3929,  Лукино, Нижегородская область 
34235, 30493,  Городец, Нижегородская область 
34211, 92757,  Великие Луки, Псковская область 
34211, 113348,  Каспийск, Дагестан 
34196, 3826,  Козлово, Тверская область 
34146, 12868,  Чернышевск, Забайкальский край 
34135, 58982,  Тихорецк, Краснодарский край 
34091, 49364,  Балахна, Нижегородская область 
34091, 237250,  Нижнекамск, Татарстан 
34091, 93690,  Мичуринск, Тамбовская область 
34073, 9529,  Панковка, Новгородская область 
34066, 73712,  Новоалтайск, Алтайский край 
34049, 40239,  Апшеронск, Краснодарский край 
34000, 31265,  Кудымкар, Пермский край 
34000, 17405,  Краснослободск, Волгоградская область 
33962, 26281,  Лабытнанги, Ямало-Ненецкий АО 
33962, 20700,  Алдан, Саха (Якутия) 
33930, 10109,  Шерегеш, Кемеровская область 
33929, 6709,  Заокский, Тульская область 
33898, 5738,  Мышкин, Ярославская область 
33844, 126805,  Нефтекамск, Башкортостан 
33820, 14909,  Чернянка, Белгородская область 
33775, 33010,  Чернушка, Пермский край 
33750, 30316,  Кохма, Ивановская область 
33721, 57032,  Искитим, Новосибирская область 
33684, 103899,  Элиста, Калмыкия 
33594, 52264,  Белореченск, Краснодарский край 
33537, 38731,  Красноуфимск, Свердловская область 
33451, 19503,  Лебедянь, Липецкая область 
33438, 12429,  Колывань, Новосибирская область 
33417, 62259,  Полевской, Свердловская область 
33413, 9136,  Серебряные Пруды, Московская область 
33408, 12148,  Волосово, Ленинградская область 
33408, 9837,  Микунь, Коми 
33403, 9283,  Сковородино, Амурская область 
33333, 53406,  Выкса, Нижегородская область 
33333, 250287,  Таганрог, Ростовская область 
33333, 38714,  Джанкой, Крым 
33333, 6070,  Белоомут, Московская область 
33333, 11295,  Богучар, Воронежская область 
33333, 406553,  Брянск, Брянская область 
33333, 42733,  Верхняя Салда, Свердловская область 
33333, 65801,  Белорецк, Башкортостан 
33333, 12861,  Карымское, Забайкальский край 
33333, 14211,  Венев, Тульская область 
33333, 12702,  Светлый, Саратовская область 
33333, 8168,  Красная Яруга, Белгородская область 
33138, 33083,  Добрянка, Пермский край 
33125, 52527,  Тимашевск, Краснодарский край 
33043, 190429,  Рыбинск, Ярославская область 
33008, 20585,  Афипский, Краснодарский край 
33000, 38846,  Людиново, Калужская область 
33000, 552445,  Новокузнецк, Кемеровская область 
32955, 39914,  Чебаркуль, Челябинская область 
32955, 33431,  Яблоновский, Адыгея 
32955, 44246,  Куйбышев, Новосибирская область 
32955, 75381,  Минеральные Воды, Ставропольский край 
32955, 7779,  Выездное, Нижегородская область 
32857, 85476,  Бугульма, Татарстан 
32813, 105016,  Елец, Липецкая область 
32803, 6404,  Грайворон, Белгородская область 
32770, 10824,  Ровеньки, Белгородская область 
32759, 31263,  Богородицк, Тульская область 
32738, 3973,  Новая Чара, Забайкальский край 
32727, 32146,  Углич, Ярославская область 
32727, 235492,  Шахты, Ростовская область 
32713, 9019,  Пролетарский, Белгородская область 
32667, 65422,  Ишимбай, Башкортостан 
32629, 10903,  Рощинский, Самарская область 
32558, 15699,  Мамадыш, Татарстан 
32544, 3406,  Уваровка, Московская область 
32500, 4169,  Горные Ключи, Приморский край 
32500, 39837,  Ялуторовск, Тюменская область 
32500, 53864,  Краснокамск, Пермский край 
32389, 16370,  Козельск, Калужская область 
32367, 9202,  Олекминск, Саха (Якутия) 
32360, 6758,  Смоляниново, Приморский край 
32300, 61902,  Котлас, Архангельская область 
32294, 32817,  Вятские Поляны, Кировская область 
32293, 13817,  Мурмаши, Мурманская область 
32269, 4806,  Назия, Ленинградская область 
32258, 34863,  Азнакаево, Татарстан 
32222, 203108,  Бийск, Алтайский край 
32209, 18468,  Линево, Новосибирская область 
32202, 97910,  Сарапул, Удмуртия 
32164, 16956,  Коченево, Новосибирская область 
32146, 153181,  Салават, Башкортостан 
32120, 19391,  Энем, Адыгея 
32075, 8248,  Сибирцево, Приморский край 
32051, 35816,  Лесозаводск, Приморский край 
31941, 16318,  Осташков, Тверская область 
31933, 86999,  Губкин, Белгородская область 
31915, 25306,  Ильский, Краснодарский край 
31897, 21293,  Лысково, Нижегородская область 
31860, 18856,  Новый Оскол, Белгородская область 
31818, 3323,  Рябово, Ленинградская область 
31818, 3606,  Дружная Горка, Ленинградская область 
31818, 9855,  Серышево, Амурская область 
31818, 62884,  Россошь, Воронежская область 
31813, 68410,  Минусинск, Красноярский край 
31801, 34018,  Сухой Лог, Свердловская область 
31791, 19671,  Лодейное Поле, Ленинградская область 
31778, 13459,  Суходол, Самарская область 
31746, 22258,  Бавлы, Татарстан 
31707, 4004,  Саянский, Красноярский край 
31694, 4007,  Ладушкин, Калининградская область 
31667, 123162,  Дербент, Дагестан 
31667, 47542,  Отрадный, Самарская область 
31667, 4043,  Стрелица, Воронежская область 
31663, 10091,  Нижняя Мактама, Татарстан 
31579, 53117,  Вязьма, Смоленская область 
31522, 24536,  Семенов, Нижегородская область 
31429, 14379,  Валдай, Новгородская область 
31429, 5837,  Корфовский, Хабаровский край 
31373, 6373,  Зубцов, Тверская область 
31344, 8056,  Мамоново, Калининградская область 
31299, 5635,  Тлюстенхабль, Адыгея 
31297, 27912,  Сорочинск, Оренбургская область 
31250, 10215,  Пограничный, Приморский край 
31250, 49617,  Можга, Удмуртия 
31250, 94628,  Соликамск, Пермский край 
31250, 7956,  Красное-на-Волге, Костромская область 
31250, 27157,  Киржач, Владимирская область 
31250, 231602,  Братск, Иркутская область 
31241, 7914,  Томаровка, Белгородская область 
31161, 7403,  Ивня, Белгородская область 
31111, 16436,  Новоаннинский, Волгоградская область 
31111, 49585,  Бугуруслан, Оренбургская область 
31017, 9641,  Задонск, Липецкая область 
31000, 10364,  Атамановка, Забайкальский край 
31000, 171471,  Волгодонск, Ростовская область 
30976, 5888,  Короча, Белгородская область 
30972, 6286,  Магистральный, Иркутская область 
30952, 66157,  Кунгур, Пермский край 
30952, 23157,  Фокино, Приморский край 
30930, 81733,  Юрга, Кемеровская область 
30847, 58407,  Михайловка, Волгоградская область 
30837, 138552,  Ковров, Владимирская область 
30810, 21040,  Карачаевск, Карачаево-Черкесия 
30801, 12099,  Инской, Кемеровская область 
30769, 2911,  Толмачево, Ленинградская область 
30769, 10589,  Ворсма, Нижегородская область 
30769, 2922,  Палана, Камчатский край 
30735, 15017,  Кондрово, Калужская область 
30682, 54184,  Лиски, Воронежская область 
30653, 17981,  Карачев, Брянская область 
30645, 13281,  Струнино, Владимирская область 
30643, 9556,  Краснослободск, Мордовия 
30640, 41823,  Кореновск, Краснодарский край 
30635, 145115,  Березники, Пермский край 
30625, 37801,  Южноуральск, Челябинская область 
30612, 17351,  Гаврилов-Ям, Ярославская область 
30612, 58179,  Сальск, Ростовская область 
30597, 58536,  Мелеуз, Башкортостан 
30455, 19265,  Рыбное, Рязанская область 
30445, 40441,  Тутаев, Ярославская область 
30443, 6968,  Высокий, Ханты-Мансийский АО 
30432, 20245,  Боготол, Красноярский край 
30411, 9312,  Старый Крым, Крым 
30408, 418241,  Магнитогорск, Челябинская область 
30395, 15721,  Светогорск, Ленинградская область 
30380, 14477,  Средняя Ахтуба, Волгоградская область 
30379, 46586,  Грязи, Липецкая область 
30364, 60564,  Чистополь, Татарстан 
30303, 11790,  Лихославль, Тверская область 
30303, 6178,  Мохсоголлох, Саха (Якутия) 
30281, 3955,  Приволжский, Марий Эл 
30267, 54343,  Жигулевск, Самарская область 
30263, 33364,  Тайшет, Иркутская область 
30233, 43758,  Рассказово, Тамбовская область 
30159, 1960,  Приморск, Калининградская область 
30159, 60807,  Кумертау, Башкортостан 
30128, 5942,  Воскресенское, Нижегородская область 
30119, 29946,  Аша, Челябинская область 
30086, 9856,  Мошково, Новосибирская область 
30000, 18872,  Шексна, Вологодская область 
30000, 15485,  Ванино, Хабаровский край 
30000, 46031,  Торжок, Тверская область 
30000, 6750,  Решетиха, Нижегородская область 
30000, 51776,  Гудермес, Чеченская Республика 
30000, 12701,  Адыгейск, Адыгея 
30000, 140047,  Хасавюрт, Дагестан 
30000, 147573,  Копейск, Челябинская область 
30000, 5395,  Прямицыно, Курская область 
30000, 58588,  Урус-Мартан, Чеченская Республика 
30000, 31039,  Ростов, Ярославская область 
30000, 26510,  Полысаево, Кемеровская область 
29929, 37443,  Ирбит, Свердловская область 
29925, 15311,  Поронайск, Сахалинская область 
29900, 43008,  Осинники, Кемеровская область 
29874, 59642,  Лесосибирск, Красноярский край 
29851, 10737,  Пангоды, Ямало-Ненецкий АО 
29814, 9161,  Октябрьский, Архангельская область 
29787, 62832,  Клинцы, Брянская область 
29783, 5122,  Пристень, Курская область 
29762, 117676,  Невинномысск, Ставропольский край 
29735, 51209,  Североморск, Мурманская область 
29688, 20072,  Ковылкино, Мордовия 
29688, 12807,  Маслянино, Новосибирская область 
29565, 19371,  Ардон, Северная Осетия 
29545, 25769,  Красноперекопск, Крым 
29535, 27963,  Топки, Кемеровская область 
29518, 5738,  Суджа, Курская область 
29513, 16664,  Сельцо, Брянская область 
29487, 16653,  Волгореченск, Костромская область 
29477, 1796,  Плес, Ивановская область 
29468, 48964,  Курганинск, Краснодарский край 
29464, 7575,  Хохольский, Воронежская область 
29412, 116020,  Назрань, Ингушетия 
29412, 23774,  Давлеканово, Башкортостан 
29392, 83400,  Кузнецк, Пензенская область 
29380, 17153,  Мензелинск, Татарстан 
29367, 151856,  Миасс, Челябинская область 
29352, 96921,  Ленинск-Кузнецкий, Кемеровская область 
29338, 4234,  Урдома, Архангельская область 
29334, 25747,  Янаул, Башкортостан 
29293, 34029,  Приволжский, Саратовская область 
29284, 59123,  Белебей, Башкортостан 
29271, 8032,  Медынь, Калужская область 
29206, 4937,  Ачит, Свердловская область 
29205, 97762,  Серов, Свердловская область 
29188, 7041,  Полесск, Калининградская область 
29167, 4520,  Нижнеангарск, Бурятия 
29167, 60889,  Лабинск, Краснодарский край 
29167, 7818,  Магас, Ингушетия 
29148, 7379,  Латная, Воронежская область 
29129, 5379,  Борисоглебский, Ярославская область 
29100, 6869,  Ковернино, Нижегородская область 
29091, 36570,  Кизилюрт, Дагестан 
29086, 38267,  Урюпинск, Волгоградская область 
29080, 10856,  Ишеевка, Ульяновская область 
29074, 191260,  Балаково, Саратовская область 
29070, 9093,  Болохово, Тульская область 
29070, 40831,  Белая Калитва, Ростовская область 
29070, 6462,  Красные Баррикады, Астраханская область 
29032, 116055,  Димитровград, Ульяновская область 
29032, 6783,  Приобье, Ханты-Мансийский АО 
29002, 72843,  Белово, Кемеровская область 
29000, 10760,  Волоконовка, Белгородская область 
29000, 79152,  Кропоткин, Краснодарский край 
29000, 38527,  Заволжье, Нижегородская область 
28992, 19381,  Онега, Архангельская область 
28990, 14730,  Чудово, Новгородская область 
28981, 100671,  Железногорск, Курская область 
28956, 7872,  Старица, Тверская область 
28929, 23956,  Татарск, Новосибирская область 
28869, 4950,  Новая Ляда, Тамбовская область 
28844, 18241,  Слюдянка, Иркутская область 
28823, 22203,  Менделеевск, Татарстан 
28823, 20605,  Бобров, Воронежская область 
28817, 7787,  Рыбная Слобода, Татарстан 
28814, 26538,  Камышлов, Свердловская область 
28814, 111775,  Камышин, Волгоградская область 
28810, 20143,  Няндома, Архангельская область 
28788, 17700,  Кукмор, Татарстан 
28788, 26006,  Заводоуковск, Тюменская область 
28788, 18059,  Собинка, Владимирская область 
28788, 13442,  Могоча, Забайкальский край 
28785, 29311,  Богданович, Свердловская область 
28769, 22118,  Семикаракорск, Ростовская область 
28761, 7478,  Гидроторф, Нижегородская область 
28756, 15491,  Сузун, Новосибирская область 
28750, 7205,  Бирюч, Белгородская область 
28750, 7657,  Ярега, Коми 
28750, 8670,  Богатые Сабы, Татарстан 
28719, 4944,  Молочный, Мурманская область 
28696, 3850,  Мартюш, Свердловская область 
28571, 6139,  Водный, Коми 
28571, 48396,  Кизляр, Дагестан 
28571, 32714,  Острогожск, Воронежская область 
28571, 10570,  Уруссу, Татарстан 
28571, 7782,  Явас, Мордовия 
28571, 23348,  Невьянск, Свердловская область 
28529, 16201,  Рефтинский, Свердловская область 
28504, 30696,  Касимов, Рязанская область 
28436, 54519,  Волжск, Марий Эл 
28388, 5329,  Нижний Куранах, Саха (Якутия) 
28367, 11972,  Белоярский, Свердловская область 
28333, 29019,  Старая Русса, Новгородская область 
28333, 11317,  Редкино, Тверская область 
28333, 10702,  Новоспасское, Ульяновская область 
28333, 18119,  Нефтегорск, Самарская область 
28296, 17821,  Промышленная, Кемеровская область 
28295, 37420,  Реж, Свердловская область 
28261, 6053,  Харп, Ямало-Ненецкий АО 
28261, 9727,  Ордынское, Новосибирская область 
28229, 6240,  Красногорский, Марий Эл 
28226, 16953,  Жуковка, Брянская область 
28219, 69030,  Георгиевск, Ставропольский край 
28205, 13696,  Трубчевск, Брянская область 
28125, 18043,  Чегем, Кабардино-Балкария 
28125, 6393,  Анджиевский, Ставропольский край 
28125, 15568,  Ужур, Красноярский край 
28125, 20327,  Козьмодемьянск, Марий Эл 
28119, 39338,  Качканар, Свердловская область 
28110, 47983,  Саяногорск, Хакасия 
28070, 15013,  Иланский, Красноярский край 
28059, 16319,  Рыльск, Курская область 
28022, 74698,  Черногорск, Хакасия 
28019, 40476,  Новозыбков, Брянская область 
28007, 29122,  Барабинск, Новосибирская область 
27991, 4544,  Глушково, Курская область 
27983, 12906,  Емва, Коми 
27955, 6079,  Юхнов, Калужская область 
27954, 24237,  Калач-на-Дону, Волгоградская область 
27953, 14868,  Данилов, Ярославская область 
27937, 57247,  Нерюнгри, Саха (Якутия) 
27910, 14568,  Лакинск, Владимирская область 
27850, 6054,  Сокольское, Нижегородская область 
27845, 8742,  Облучье, Еврейская АО 
27806, 64538,  Буйнакск, Дагестан 
27792, 18824,  Стародуб, Брянская область 
27778, 3559,  Талинка, Ханты-Мансийский АО 
27778, 35505,  Ефремов, Тульская область 
27778, 28223,  Похвистнево, Самарская область 
27778, 24642,  Киреевск, Тульская область 
27778, 58723,  Шуя, Ивановская область 
27778, 63842,  Донской, Тульская область 
27778, 38350,  Мценск, Орловская область 
27778, 9164,  Горный, Новосибирская область 
27767, 4235,  Красные Ткачи, Ярославская область 
27767, 36486,  Аргун, Чеченская Республика 
27767, 6236,  Усолье, Пермский край 
27742, 14531,  Шилово, Рязанская область 
27727, 4185,  Шиморское, Нижегородская область 
27724, 6696,  Каменногорск, Ленинградская область 
27692, 6431,  Вейделевка, Белгородская область 
27692, 12170,  Чегдомын, Хабаровский край 
27687, 51922,  Узловая, Тульская область 
27682, 5206,  Красный Яр, Омская область 
27622, 8419,  Черноморский, Краснодарский край 
27599, 8937,  Торбеево, Мордовия 
27577, 4277,  Верхняя Максаковка, Коми 
27576, 14525,  Кавалерово, Приморский край 
27569, 7500,  Жешарт, Коми 
27551, 25131,  Мостовской, Краснодарский край 
27536, 30643,  Нарткала, Кабардино-Балкария 
27529, 6409,  Багратионовск, Калининградская область 
27523, 21942,  Вилючинск, Камчатский край 
27500, 6315,  Троицко-Печорск, Коми 
27500, 59804,  Ржев, Тверская область 
27500, 45988,  Рузаевка, Мордовия 
27500, 21189,  Нижний Ломов, Пензенская область 
27480, 8571,  Болгар, Татарстан 
27460, 5897,  Некрасовское, Ярославская область 
27455, 33954,  Нижнеудинск, Иркутская область 
27451, 14328,  Цивильск, Чувашия 
27433, 5109,  Оверята, Пермский край 
27402, 8340,  Костерево, Владимирская область 
27387, 14644,  Полярные Зори, Мурманская область 
27383, 4215,  Пятницкое, Белгородская область 
27356, 14475,  Кашин, Тверская область 
27329, 7609,  Дмитриевка, Тамбовская область 
27273, 75623,  Шадринск, Курганская область 
27273, 90231,  Канск, Красноярский край 
27267, 13003,  Арти, Свердловская область 
27221, 30802,  Кондопога, Карелия 
27217, 11477,  Чердаклы, Ульяновская область 
27174, 22536,  Усть-Катав, Челябинская область 
27168, 19958,  Усмань, Липецкая область 
27160, 50896,  Боровичи, Новгородская область 
27157, 7790,  Белореченский, Иркутская область 
27146, 2153,  Синдор, Коми 
27123, 35298,  Алатырь, Чувашия 
27085, 8249,  Западная Двина, Тверская область 
27083, 16438,  Анна, Воронежская область 
27083, 27196,  Карасук, Новосибирская область 
27072, 32791,  Тейково, Ивановская область 
27068, 2931,  Ишня, Ярославская область 
27055, 10077,  Зубова Поляна, Мордовия 
27049, 97895,  Междуреченск, Кемеровская область 
27014, 15452,  Усть-Абакан, Хакасия 
27006, 11118,  Нариманов, Астраханская область 
27000, 20217,  Нижняя Тура, Свердловская область 
27000, 61054,  Сибай, Башкортостан 
26986, 15870,  Плавск, Тульская область 
26984, 55421,  Гусь-Хрустальный, Владимирская область 
26984, 6855,  Тумботино, Нижегородская область 
26970, 4377,  Краснооктябрьский, Марий Эл 
26948, 7087,  Нижний Ингаш, Красноярский край 
26944, 37291,  Партизанск, Приморский край 
26941, 20947,  Калтан, Кемеровская область 
26923, 64666,  Асбест, Свердловская область 
26875, 41628,  Мыски, Кемеровская область 
26871, 15824,  Приволжск, Ивановская область 
26863, 72944,  Чапаевск, Самарская область 
26841, 20590,  Рошаль, Московская область 
26829, 40048,  Печора, Коми 
26825, 20983,  Ахтырский, Краснодарский край 
26807, 10380,  Нарышкино, Орловская область 
26781, 11749,  Светлый Яр, Волгоградская область 
26752, 19222,  Абдулино, Оренбургская область 
26748, 13413,  Обоянь, Курская область 
26726, 5497,  Горшечное, Курская область 
26724, 12074,  Уяр, Красноярский край 
26724, 12712,  Вычегодский, Архангельская область 
26695, 11337,  Горный, Забайкальский край 
26685, 40486,  Советск, Калининградская область 
26667, 11256,  Усть-Донецкий, Ростовская область 
26667, 17380,  Нижняя Салда, Свердловская область 
26667, 14165,  Дубовка, Волгоградская область 
26667, 4921,  Теплое, Тульская область 
26667, 87916,  Михайловск, Ставропольский край 
26596, 28735,  Алейск, Алтайский край 
26563, 5553,  Константиновский, Ярославская область 
26563, 82455,  Усть-Илимск, Иркутская область 
26514, 11569,  Чкаловск, Нижегородская область 
26486, 4289,  Кузнечное, Ленинградская область 
26471, 14558,  Цимлянск, Ростовская область 
26471, 8247,  Сосновское, Нижегородская область 
26470, 3012,  Приводино, Архангельская область 
26421, 36423,  Черняховск, Калининградская область 
26415, 9678,  Новониколаевский, Волгоградская область 
26389, 19704,  Агрыз, Татарстан 
26365, 6470,  Шаля, Свердловская область 
26364, 77391,  Балашов, Саратовская область 
26355, 6377,  Ерзовка, Волгоградская область 
26335, 17142,  Шушенское, Красноярский край 
26333, 10603,  Озерный, Тверская область 
26316, 12819,  Комсомольский, Мордовия 
26283, 38053,  Баксан, Кабардино-Балкария 
26273, 23505,  Зея, Амурская область 
26258, 8241,  Балтаси, Татарстан 
26253, 22706,  Хадыженск, Краснодарский край 
26201, 3225,  Пелым, Свердловская область 
26190, 5784,  Дубна, Тульская область 
26190, 23971,  Унеча, Брянская область 
26165, 6613,  Кромы, Орловская область 
26154, 11379,  Звенигово, Марий Эл 
26144, 45501,  Канаш, Чувашия 
26136, 40635,  Заинск, Татарстан 
26087, 43157,  Радужный, Ханты-Мансийский АО 
26087, 16090,  Ивдель, Свердловская область 
26059, 9228,  Чамзинка, Мордовия 
26043, 9627,  Вахруши, Кировская область 
26043, 21072,  Оса, Пермский край 
26042, 3094,  Октябрьское, Ханты-Мансийский АО 
26042, 43543,  Кольчугино, Владимирская область 
26042, 178018,  Норильск, Красноярский край 
26033, 38897,  Саянск, Иркутская область 
26027, 73279,  Кирово-Чепецк, Кировская область 
26005, 5999,  Фатеж, Курская область 
26000, 4957,  Пионерский, Ханты-Мансийский АО 
25999, 7621,  Переяславка, Хабаровский край 
25974, 19352,  Лучегорск, Приморский край 
25926, 7380,  Красные Баки, Нижегородская область 
25902, 3068,  Староуткинск, Свердловская область 
25900, 4621,  Пушкинские Горы, Псковская область 
25889, 62592,  Лысьва, Пермский край 
25839, 22781,  Калачинск, Омская область 
25833, 11418,  Иловля, Волгоградская область 
25782, 10979,  Сураж, Брянская область 
25759, 7699,  Уральский, Пермский край 
25758, 2713,  Пятовский, Калужская область 
25758, 10082,  Уренгой, Ямало-Ненецкий АО 
25723, 10034,  Печоры, Псковская область 
25714, 8114,  Таксимо, Бурятия 
25680, 16141,  Дегтярск, Свердловская область 
25667, 31788,  Маркс, Саратовская область 
25643, 11015,  Малая Вишера, Новгородская область 
25641, 9905,  Аксубаево, Татарстан 
25627, 46830,  Заринск, Алтайский край 
25625, 31606,  Великий Устюг, Вологодская область 
25615, 4981,  Ильинка, Астраханская область 
25557, 14817,  Карабаново, Владимирская область 
25556, 11569,  Мокшан, Пензенская область 
25532, 6770,  Семибратово, Ярославская область 
25503, 10021,  Володарск, Нижегородская область 
25496, 3447,  Новогуровский, Тульская область 
25490, 81577,  Новоуральск, Свердловская область 
25490, 15540,  Щигры, Курская область 
25472, 6029,  Шацк, Рязанская область 
25469, 7833,  Козулька, Красноярский край 
25464, 15051,  Навашино, Нижегородская область 
25458, 8501,  Инжавино, Тамбовская область 
25426, 11337,  Тетюши, Татарстан 
25424, 11047,  Сосенский, Калужская область 
25416, 8127,  Суксун, Пермский край 
25404, 11742,  Первомайский, Тамбовская область 
25392, 32954,  Нурлат, Татарстан 
25386, 15040,  Грибановский, Воронежская область 
25373, 24670,  Бутурлиновка, Воронежская область 
25229, 4133,  Дальнее Константиново, Нижегородская область 
25218, 29077,  Еманжелинск, Челябинская область 
25168, 12092,  Торопец, Тверская область 
25147, 7363,  Ильиногорск, Нижегородская область 
25114, 42707,  Сафоново, Смоленская область 
25093, 7482,  Кириллов, Вологодская область 
25056, 17678,  Подпорожье, Ленинградская область 
25025, 21728,  Бежецк, Тверская область 
25000, 3003,  Тим, Курская область 
25000, 5524,  Кедровый, Красноярский край 
25000, 6129,  Панино, Воронежская область 
25000, 19176,  Льгов, Курская область 
25000, 4688,  Полотняный Завод, Калужская область 
25000, 18610,  Юрьев-Польский, Владимирская область 
25000, 10498,  Советский, Марий Эл 
25000, 18159,  Яровое, Алтайский край 
25000, 30839,  Киров, Калужская область 
25000, 15111,  Сухиничи, Калужская область 
25000, 9961,  Октябрьский, Пермский край 
25000, 39614,  Карабулак, Ингушетия 
25000, 21159,  Тогучин, Новосибирская область 
25000, 7378,  Новосокольники, Псковская область 
25000, 77989,  Усолье-Сибирское, Иркутская область 
25000, 7492,  Рыздвяный, Ставропольский край 
25000, 32943,  Кулебаки, Нижегородская область 
25000, 16682,  Кирсанов, Тамбовская область 
25000, 35437,  Новокубанск, Краснодарский край 
24963, 11752,  Нязепетровск, Челябинская область 
24876, 20416,  Сергач, Нижегородская область 
24851, 10121,  Тяжинский, Кемеровская область 
24840, 11493,  Бабаево, Вологодская область 
24838, 7944,  Нижние Вязовые, Татарстан 
24834, 28116,  Тара, Омская область 
24815, 9795,  Верхняя Синячиха, Свердловская область 
24773, 7888,  Большая Мурта, Красноярский край 
24770, 14006,  Елань, Волгоградская область 
24736, 12738,  Байкальск, Иркутская область 
24725, 25467,  Морозовск, Ростовская область 
24658, 7837,  Лежнево, Ивановская область 
24654, 10969,  Коноша, Архангельская область 
24638, 34360,  Гулькевичи, Краснодарский край 
24636, 11685,  Юрюзань, Челябинская область 
24615, 5771,  Верхние Серги, Свердловская область 
24591, 13065,  Фокино, Брянская область 
24590, 27028,  Дятьково, Брянская область 
24561, 22618,  Безенчук, Самарская область 
24558, 16922,  Галич, Костромская область 
24540, 5867,  Пошехонье, Ярославская область 
24524, 5143,  Сараи, Рязанская область 
24506, 10527,  Судогда, Владимирская область 
24490, 39390,  Ртищево, Саратовская область 
24490, 8796,  Шатки, Нижегородская область 
24481, 35255,  Гай, Оренбургская область 
24479, 4905,  Карабаш, Татарстан 
24476, 7062,  Княгинино, Нижегородская область 
24444, 53016,  Шали, Чеченская Республика 
24444, 37653,  Алапаевск, Свердловская область 
24390, 5850,  Змиевка, Орловская область 
24389, 9088,  Михайловск, Свердловская область 
24384, 19290,  Пролетарск, Ростовская область 
24364, 25747,  Сасово, Рязанская область 
24359, 9783,  Кормиловка, Омская область 
24301, 11477,  Горнозаводск, Пермский край 
24286, 26934,  Знаменск, Астраханская область 
24286, 27009,  Новоалександровск, Ставропольский край 
24283, 24539,  Асино, Томская область 
24268, 22194,  Верещагино, Пермский край 
24242, 50397,  Назарово, Красноярский край 
24240, 6931,  Уразово, Белгородская область 
24199, 4427,  Камское Устье, Татарстан 
24194, 3524,  Пряжа, Карелия 
24194, 19035,  Калач, Воронежская область 
24180, 14164,  Новоульяновск, Ульяновская область 
24156, 4692,  Пречистое, Ярославская область 
24128, 47732,  Вышний Волочек, Тверская область 
24117, 24671,  Советская Гавань, Хабаровский край 
24109, 12385,  Урень, Нижегородская область 
24107, 13781,  Купино, Новосибирская область 
24100, 24841,  Нефтекумск, Ставропольский край 
24074, 21623,  Ряжск, Рязанская область 
24071, 196406,  Прокопьевск, Кемеровская область 
24038, 230414,  Орск, Оренбургская область 
24025, 31229,  Зима, Иркутская область 
24000, 17648,  Пласт, Челябинская область 
24000, 19612,  Черепаново, Новосибирская область 
23972, 11154,  Болхов, Орловская область 
23938, 17317,  Константиновск, Ростовская область 
23913, 5758,  Подгоренский, Воронежская область 
23913, 21956,  Армянск, Крым 
23913, 62466,  Зеленогорск, Красноярский край 
23905, 10470,  Окуловка, Новгородская область 
23870, 6896,  Дарасун, Забайкальский край 
23864, 3293,  Малоархангельск, Орловская область 
23864, 5483,  Коренево, Курская область 
23857, 57879,  Прохладный, Кабардино-Балкария 
23823, 37169,  Шарыпово, Красноярский край 
23810, 16077,  Камызяк, Астраханская область 
23810, 4806,  Сокол, Магаданская область 
23810, 13626,  Первомайск, Нижегородская область 
23810, 19157,  Тальменка, Алтайский край 
23810, 8842,  Архара, Амурская область 
23810, 5994,  Николаевка, Ульяновская область 
23786, 3427,  Волово, Тульская область 
23757, 6098,  Атяшево, Мордовия 
23750, 21403,  Нерехта, Костромская область 
23747, 4618,  Кардымово, Смоленская область 
23731, 8987,  Серафимович, Волгоградская область 
23712, 15874,  Талица, Свердловская область 
23684, 2769,  Черусти, Московская область 
23678, 11948,  Чаплыгин, Липецкая область 
23671, 5411,  Спас-Клепики, Рязанская область 
23663, 4821,  Палех, Ивановская область 
23635, 20133,  Алагир, Северная Осетия 
23611, 20905,  Буинск, Татарстан 
23600, 58147,  Избербаш, Дагестан 
23529, 8451,  Ядрин, Чувашия 
23521, 41127,  Спасск-Дальний, Приморский край 
23509, 71787,  Анжеро-Судженск, Кемеровская область 
23490, 18954,  Суровикино, Волгоградская область 
23489, 14240,  Очер, Пермский край 
23466, 18804,  Нытва, Пермский край 
23451, 8229,  Чаны, Новосибирская область 
23428, 39091,  Мариинск, Кемеровская область 
23424, 33115,  Слободской, Кировская область 
23404, 41671,  Тулун, Иркутская область 
23385, 16263,  Касли, Челябинская область 
23374, 3382,  Черемисиново, Курская область 
23355, 9424,  Нижние Серги, Свердловская область 
23344, 11577,  Благовещенка, Алтайский край 
23333, 12784,  Шилка, Забайкальский край 
23333, 4177,  Покровское, Орловская область 
23333, 38263,  Изобильный, Ставропольский край 
23333, 7620,  Кузоватово, Ульяновская область 
23333, 83871,  Кинешма, Ивановская область 
23333, 4579,  Золотухино, Курская область 
23315, 19653,  Приютово, Башкортостан 
23305, 13244,  Курагино, Красноярский край 
23295, 17529,  Баймак, Башкортостан 
23295, 5738,  Тугулым, Свердловская область 
23235, 8777,  Ардатов, Нижегородская область 
23214, 6947,  Новошахтинский, Приморский край 
23198, 19120,  Данков, Липецкая область 
23173, 5559,  Одоев, Тульская область 
23171, 34967,  Коркино, Челябинская область 
23123, 37377,  Фролово, Волгоградская область 
23121, 7904,  Крестцы, Новгородская область 
23121, 9576,  Залари, Иркутская область 
23082, 8661,  Лиман, Астраханская область 
23077, 6849,  Пильна, Нижегородская область 
23077, 12408,  Грамотеино, Кемеровская область 
23077, 34309,  Фурманов, Ивановская область 
23061, 10435,  Любинский, Омская область 
23020, 6394,  Чернь, Тульская область 
22973, 26478,  Октябрьск, Самарская область 
22967, 24183,  Тайга, Кемеровская область 
22946, 4167,  Рамешки, Тверская область 
22917, 6313,  Вознесенское, Нижегородская область 
22896, 8375,  Каменка, Воронежская область 
22886, 4893,  Станционно-Ояшинский, Новосибирская область 
22870, 15629,  Болотное, Новосибирская область 
22859, 10055,  Каргополь, Архангельская область 
22857, 5452,  Себеж, Псковская область 
22857, 5144,  Усть-Уда, Иркутская область 
22857, 8999,  Актюбинский, Татарстан 
22857, 4628,  Петровское, Ярославская область 
22857, 13840,  Николаевск, Волгоградская область 
22817, 5899,  Тума, Рязанская область 
22794, 29553,  Шумерля, Чувашия 
22788, 14916,  Грязовец, Вологодская область 
22787, 50870,  Рославль, Смоленская область 
22778, 36566,  Каменка, Пензенская область 
22759, 8169,  Инсар, Мордовия 
22727, 48428,  Донецк, Ростовская область 
22727, 15675,  Ясный, Оренбургская область 
22727, 30186,  Славгород, Алтайский край 
22727, 41056,  Пугачев, Саратовская область 
22727, 14013,  Меленки, Владимирская область 
22684, 21425,  Бологое, Тверская область 
22684, 29238,  Дагестанские Огни, Дагестан 
22667, 28874,  Борзя, Забайкальский край 
22619, 9216,  Краснозерское, Новосибирская область 
22613, 63947,  Вольск, Саратовская область 
22586, 9058,  Козловка, Чувашия 
22584, 20183,  Шахунья, Нижегородская область 
22581, 10070,  Магдагачи, Амурская область 
22563, 5340,  Апастово, Татарстан 
22557, 16312,  Кодинск, Красноярский край 
22539, 15133,  Невель, Псковская область 
22515, 46859,  Березовский, Кемеровская область 
22500, 24390,  Ипатово, Ставропольский край 
22500, 41315,  Камень-на-Оби, Алтайский край 
22500, 13170,  Сим, Челябинская область 
22500, 9981,  Уржум, Кировская область 
22472, 6555,  Спасск-Рязанский, Рязанская область 
22453, 7449,  Лахденпохья, Карелия 
22449, 6064,  Оршанка, Марий Эл 
22432, 3927,  Потьма, Мордовия 
22407, 9895,  Тотьма, Вологодская область 
22401, 15399,  Камские Поляны, Татарстан 
22364, 6992,  Новый Рогачик, Волгоградская область 
22363, 6490,  Балахта, Красноярский край 
22361, 3228,  Итатский, Кемеровская область 
22353, 2735,  Юганец, Нижегородская область 
22336, 4817,  Пролетарий, Новгородская область 
22333, 26329,  Скопин, Рязанская область 
22278, 18706,  Шимановск, Амурская область 
22222, 8590,  Сосновка, Тамбовская область 
22222, 12772,  Далматово, Курганская область 
22222, 36935,  Светлоград, Ставропольский край 
22222, 33666,  Тавда, Свердловская область 
22222, 24011,  Буй, Костромская область 
22222, 14912,  Нерчинск, Забайкальский край 
22222, 145333,  Рубцовск, Алтайский край 
22222, 4161,  Мосальск, Калужская область 
22173, 5489,  Жиздра, Калужская область 
22158, 4393,  Медвенка, Курская область 
22134, 7583,  Карсун, Ульяновская область 
22131, 14446,  Медвежьегорск, Карелия 
22115, 10135,  Дигора, Северная Осетия 
22104, 6291,  Темников, Мордовия 
22093, 5004,  Шкотово, Приморский край 
22076, 6229,  Ола, Магаданская область 
22067, 8138,  Черемушки, Хакасия 
22059, 16663,  Почеп, Брянская область 
22059, 5105,  Верх-Нейвинский, Свердловская область 
22013, 6502,  Струги Красные, Псковская область 
22000, 51230,  Черемхово, Иркутская область 
22000, 1982,  Горбатов, Нижегородская область 
22000, 7283,  Приаргунск, Забайкальский край 
21978, 16852,  Новомичуринск, Рязанская область 
21935, 26093,  Кимовск, Тульская область 
21930, 7373,  Мурыгино, Кировская область 
21916, 11604,  Кемь, Карелия 
21895, 5816,  Октябрьский, Хабаровский край 
21883, 3715,  Пено, Тверская область 
21875, 7645,  Новохоперский, Воронежская область 
21875, 8488,  Глубокий, Ростовская область 
21866, 15872,  Жирновск, Волгоградская область 
21858, 17506,  Суворов, Тульская область 
21835, 10810,  Яя, Кемеровская область 
21825, 6723,  Севск, Брянская область 
21810, 4357,  Спас-Деменск, Калужская область 
21807, 6154,  Воротынец, Нижегородская область 
21807, 14136,  Лукоянов, Нижегородская область 
21782, 7375,  Крапивинский, Кемеровская область 
21744, 3184,  Атиг, Свердловская область 
21739, 11060,  Кантемировка, Воронежская область 
21720, 9748,  Пышма, Свердловская область 
21703, 13884,  Яшкино, Кемеровская область 
21700, 7040,  Новобурейский, Амурская область 
21667, 12711,  Камешково, Владимирская область 
21667, 75231,  Троицк, Челябинская область 
21667, 39362,  Моршанск, Тамбовская область 
21667, 44740,  Ярцево, Смоленская область 
21665, 9626,  Бисерть, Свердловская область 
21644, 14940,  Палласовка, Волгоградская область 
21638, 3503,  Горноуральский, Свердловская область 
21629, 3416,  Ольховатка, Воронежская область 
21628, 5540,  Кшенский, Курская область 
21622, 2917,  Центральный, Нижегородская область 
21598, 36635,  Вязники, Владимирская область 
21591, 4717,  Красномайский, Тверская область 
21586, 15461,  Пестово, Новгородская область 
21569, 6289,  Демидов, Смоленская область 
21548, 8130,  Олонец, Карелия 
21538, 30438,  Усть-Джегута, Карачаево-Черкесия 
21525, 8477,  Бирюсинск, Иркутская область 
21512, 13740,  Селенгинск, Бурятия 
21510, 4660,  Аскиз, Хакасия 
21472, 19135,  Николаевск-на-Амуре, Хабаровский край 
21450, 7531,  Малмыж, Кировская область 
21429, 37191,  Сокол, Вологодская область 
21429, 2455,  Бурмакино, Ярославская область 
21429, 57514,  Краснотурьинск, Свердловская область 
21429, 20013,  Кяхта, Бурятия 
21429, 9254,  Малышева, Свердловская область 
21379, 23912,  Шарья, Костромская область 
21368, 4697,  Калашниково, Тверская область 
21339, 26234,  Новопавловск, Ставропольский край 
21339, 5130,  Чернышковский, Волгоградская область 
21311, 167978,  Златоуст, Челябинская область 
21311, 24131,  Кувандык, Оренбургская область 
21295, 7608,  Красносельский, Краснодарский край 
21277, 4132,  Красный, Смоленская область 
21277, 3834,  Дорогино, Новосибирская область 
21250, 15646,  Советск, Кировская область 
21236, 11310,  Киренск, Иркутская область 
21212, 6592,  Шемышейка, Пензенская область 
21202, 6878,  Крутинка, Омская область 
21174, 3766,  Пижанка, Кировская область 
21131, 3765,  Ермишь, Рязанская область 
21111, 8928,  Перевоз, Нижегородская область 
21091, 16249,  Бородино, Красноярский край 
21082, 8755,  Мариинский Посад, Чувашия 
21082, 8926,  Порхов, Псковская область 
21053, 4737,  Поныри, Курская область 
21043, 6290,  Старая Майна, Ульяновская область 
21036, 10427,  Большеречье, Омская область 
20980, 7884,  Мглин, Брянская область 
20968, 13271,  Джалиль, Татарстан 
20968, 7525,  Зауральский, Челябинская область 
20960, 7843,  Белинский, Пензенская область 
20950, 10307,  Опочка, Псковская область 
20930, 12669,  Таврическое, Омская область 
20930, 3129,  Елатьма, Рязанская область 
20930, 10543,  Южно-Сухокумск, Дагестан 
20915, 3968,  Долгое, Орловская область 
20908, 9484,  Рудня, Смоленская область 
20901, 6031,  Селижарово, Тверская область 
20901, 4531,  Ухолово, Рязанская область 
20893, 35646,  Зеленокумск, Ставропольский край 
20892, 12234,  Степное, Саратовская область 
20876, 10410,  Эртиль, Воронежская область 
20875, 18031,  Харабали, Астраханская область 
20873, 8028,  Саргатское, Омская область 
20842, 3568,  Серебряный Бор, Саха (Якутия) 
20833, 5125,  Любим, Ярославская область 
20797, 4361,  Смидович, Еврейская АО 
20747, 20568,  Остров, Псковская область 
20741, 4037,  Мещовск, Калужская область 
20714, 3909,  Балаганск, Иркутская область 
20701, 10350,  Муромцево, Омская область 
20700, 5378,  Глазуновка, Орловская область 
20681, 3460,  Шипицыно, Архангельская область 
20652, 10890,  Онохой, Бурятия 
20652, 12556,  Хвалынск, Саратовская область 
20652, 90980,  Киселевск, Кемеровская область 
20652, 8720,  Марьяновка, Омская область 
20652, 9996,  Яйва, Пермский край 
20644, 10340,  Михайлов, Рязанская область 
20643, 5121,  Старожилово, Рязанская область 
20640, 9142,  Морки, Марий Эл 
20604, 7060,  Тюбе, Дагестан 
20595, 4992,  Евлашево, Пензенская область 
20591, 4892,  Майна, Хакасия 
20563, 3572,  Бежаницы, Псковская область 
20507, 23151,  Исилькуль, Омская область 
20484, 4086,  Нестеров, Калининградская область 
20472, 7801,  Тисуль, Кемеровская область 
20471, 14296,  Жердевка, Тамбовская область 
20431, 19449,  Терек, Кабардино-Балкария 
20426, 22317,  Омутнинск, Кировская область 
20423, 23089,  Гурьевск, Кемеровская область 
20379, 3639,  Дружинино, Свердловская область 
20370, 11715,  Краснобродский, Кемеровская область 
20370, 9519,  Каргат, Новосибирская область 
20370, 10615,  Псебай, Краснодарский край 
20357, 19993,  Ершов, Саратовская область 
20339, 9589,  Кирс, Кировская область 
20313, 5854,  Октябрьский, Волгоградская область 
20313, 4584,  Верх-Чебула, Кемеровская область 
20283, 12834,  Южа, Ивановская область 
20274, 15841,  Калининск, Саратовская область 
20267, 8100,  Нижняя Пойма, Красноярский край 
20259, 11270,  Чулым, Новосибирская область 
20257, 4083,  Пустошка, Псковская область 
20253, 4312,  Милославское, Рязанская область 
20250, 108782,  Новошахтинск, Ростовская область 
20238, 23643,  Железногорск-Илимский, Иркутская область 
20238, 28577,  Карталы, Челябинская область 
20223, 5628,  Чистоозерное, Новосибирская область 
20213, 13362,  Белев, Тульская область 
20186, 27055,  Майский, Кабардино-Балкария 
20161, 3216,  Новосиль, Орловская область 
20161, 9220,  Варгаши, Курганская область 
20135, 6338,  Бутурлино, Нижегородская область 
20109, 30933,  Артемовский, Свердловская область 
20080, 14718,  Красный Кут, Саратовская область 
20076, 5635,  Знаменка, Тамбовская область 
20062, 3371,  Стрижи, Кировская область 
20056, 6692,  Шаранга, Нижегородская область 
20000, 3579,  Хомутовка, Курская область 
20000, 14028,  Бачатский, Кемеровская область 
20000, 16147,  Барыш, Ульяновская область 
20000, 3793,  Цильна, Ульяновская область 
20000, 6976,  Межозерный, Челябинская область 
20000, 12575,  Красногорский, Челябинская область 
20000, 7178,  Спасск, Пензенская область 
20000, 21279,  Вихоревка, Иркутская область 
19963, 17999,  Енисейск, Красноярский край 
19934, 21056,  Никольск, Пензенская область 
19894, 8300,  Сернур, Марий Эл 
19785, 2918,  Орджоникидзевский, Карачаево-Черкесия 
19767, 7440,  Советск, Тульская область 
19737, 5232,  Павловка, Ульяновская область 
19722, 8156,  Белый Яр, Томская область 
19697, 17316,  Туринск, Свердловская область 
19692, 10904,  Первомайский, Челябинская область 
19689, 5686,  Новая Майна, Ульяновская область 
19670, 4307,  Кадошкино, Мордовия 
19660, 5929,  Мулловка, Ульяновская область 
19643, 4813,  Пронск, Рязанская область 
19625, 10575,  Змеиногорск, Алтайский край 
19570, 11947,  Новая Ляля, Свердловская область 
19560, 6473,  Мучкапский, Тамбовская область 
19531, 10286,  Заозерный, Красноярский край 
19525, 9545,  Хор, Хабаровский край 
19490, 4084,  Хомутово, Орловская область 
19488, 9161,  Кувшиново, Тверская область 
19481, 8651,  Верхотурье, Свердловская область 
19481, 5460,  Злынка, Брянская область 
19469, 12948,  Гороховец, Владимирская область 
19429, 9044,  Пудож, Карелия 
19425, 27879,  Верхний Уфалей, Челябинская область 
19417, 4841,  Тайтурка, Иркутская область 
19415, 5366,  Большой Луг, Иркутская область 
19403, 19712,  Кировград, Свердловская область 
19403, 5388,  Медногорский, Карачаево-Черкесия 
19386, 4577,  Мундыбаш, Кемеровская область 
19375, 6860,  Полтавка, Омская область 
19355, 25384,  Аткарск, Саратовская область 
19355, 3173,  Сапожок, Рязанская область 
19355, 22450,  Котово, Волгоградская область 
19333, 4069,  Солнцево, Курская область 
19328, 6619,  Дмитриев-Льговский, Курская область 
19302, 4829,  Оленино, Тверская область 
19288, 42214,  Сатка, Челябинская область 
19274, 10589,  Питкяранта, Карелия 
19254, 6188,  Новохоперск, Воронежская область 
19245, 4741,  Кумены, Кировская область 
19231, 12177,  Петров Вал, Волгоградская область 
19231, 3782,  Хотынец, Орловская область 
19216, 4466,  Мари-Турек, Марий Эл 
19216, 16088,  Катав-Ивановск, Челябинская область 
19203, 4718,  Даниловка, Волгоградская область 
19187, 7492,  Оричи, Кировская область 
19183, 5574,  Сафоново, Мурманская область 
19167, 11280,  Кадуй, Вологодская область 
19118, 10517,  Белая Холуница, Кировская область 
19083, 4931,  Сарс, Пермский край 
19079, 14171,  Семендер, Дагестан 
19048, 15281,  Агидель, Башкортостан 
19038, 4581,  Тоншаево, Нижегородская область 
19032, 11272,  Кораблино, Рязанская область 
19026, 52811,  Краснокаменск, Забайкальский край 
19000, 2786,  Балашейка, Самарская область 
19000, 6409,  Сурское, Ульяновская область 
18927, 12647,  Роза, Челябинская область 
18919, 3233,  Холм-Жирковский, Смоленская область 
18913, 4939,  Залегощь, Орловская область 
18904, 14835,  Новый Городок, Кемеровская область 
18809, 4253,  Посевная, Новосибирская область 
18791, 6300,  Степное Озеро, Алтайский край 
18771, 8228,  Сычевка, Смоленская область 
18750, 7951,  Городище, Пензенская область 
18750, 5940,  Новый Торъял, Марий Эл 
18750, 24162,  Уварово, Тамбовская область 
18750, 4811,  Старая Вичуга, Ивановская область 
18750, 4108,  Озерск, Калининградская область 
18750, 36870,  Малгобек, Ингушетия 
18750, 6595,  Шербакуль, Омская область 
18750, 10232,  Вытегра, Вологодская область 
18735, 5594,  Думиничи, Калужская область 
18692, 4927,  Зеленогорский, Кемеровская область 
18634, 7556,  Юргамыш, Курганская область 
18627, 9487,  Куйтун, Иркутская область 
18605, 10472,  Черлак, Омская область 
18586, 3771,  Александро-Невский, Рязанская область 
18571, 4588,  Кадников, Вологодская область 
18571, 4219,  Вишневогорск, Челябинская область 
18529, 56356,  Апатиты, Мурманская область 
18519, 11485,  Таловая, Воронежская область 
18519, 10931,  Неман, Калининградская область 
18519, 17095,  Поворино, Воронежская область 
18519, 8101,  Чульман, Саха (Якутия) 
18518, 38567,  Красный Сулин, Ростовская область 
18476, 28409,  Кушва, Свердловская область 
18462, 34868,  Вичуга, Ивановская область 
18462, 8976,  Липки, Тульская область 
18461, 3478,  Конышевка, Курская область 
18450, 5283,  Вача, Нижегородская область 
18442, 8501,  Ветлуга, Нижегородская область 
18421, 8680,  Теберда, Карачаево-Черкесия 
18367, 10973,  Шагонар, Тыва 
18363, 4966,  Базарный Сызган, Ульяновская область 
18337, 31293,  Благодарный, Ставропольский край 
18333, 3260,  Обозерский, Архангельская область 
18333, 6359,  Гирей, Краснодарский край 
18269, 3458,  Касторное, Курская область 
18190, 17542,  Шумиха, Курганская область 
18182, 35034,  Дальнегорск, Приморский край 
18154, 40106,  Амурск, Хабаровский край 
18081, 7078,  Пучеж, Ивановская область 
18064, 32838,  Сланцы, Ленинградская область 
18056, 4547,  Певек, Чукотский АО 
18056, 24662,  Родники, Ивановская область 
18043, 27108,  Сегежа, Карелия 
18008, 14135,  Чунский, Иркутская область 
17986, 8204,  Каргаполье, Курганская область 
17974, 9720,  Нолинск, Кировская область 
17974, 8688,  Починок, Смоленская область 
17971, 23966,  Котельнич, Кировская область 
17970, 4171,  Правдинск, Калининградская область 
17925, 9312,  Верхнеуральск, Челябинская область 
17917, 5039,  Тереньга, Ульяновская область 
17884, 23272,  Колпашево, Томская область 
17878, 8914,  Белозерск, Вологодская область 
17857, 29376,  Петровск, Саратовская область 
17857, 32554,  Сердобск, Пензенская область 
17857, 21513,  Дудинка, Красноярский край 
17792, 7072,  Оханск, Пермский край 
17778, 5976,  Солигалич, Костромская область 
17771, 2515,  Кулотино, Новгородская область 
17770, 12585,  Катайск, Курганская область 
17767, 6568,  Сенгилей, Ульяновская область 
17722, 2497,  Угловка, Новгородская область 
17702, 11986,  Аркадак, Саратовская область 
17692, 10743,  Завитинск, Амурская область 
17685, 3758,  Кесова Гора, Тверская область 
17667, 7797,  Лунино, Пензенская область 
17647, 10992,  Мамедкала, Дагестан 
17647, 7855,  Дно, Псковская область 
17626, 3757,  Палатка, Магаданская область 
17626, 19400,  Нелидово, Тверская область 
17613, 6009,  Сухобезводное, Нижегородская область 
17568, 9496,  Новая Игирма, Иркутская область 
17568, 2674,  Усвяты, Псковская область 
17510, 11254,  Сосновка, Кировская область 
17500, 3915,  Темиртау, Кемеровская область 
17500, 2890,  Красный Гуляй, Ульяновская область 
17446, 4973,  Североонежск, Архангельская область 
17439, 3650,  Каменка, Ивановская область 
17429, 2170,  Измайлово, Ульяновская область 
17426, 9861,  Беломорск, Карелия 
17396, 11919,  Ветлужский, Костромская область 
17386, 11675,  Солнечнодольск, Ставропольский край 
17381, 15149,  Ленинск, Волгоградская область 
17369, 5185,  Межевой, Челябинская область 
17347, 11249,  Называевск, Омская область 
17315, 8734,  Ардатов, Мордовия 
17312, 4347,  Пиндуши, Карелия 
17298, 4819,  Тургенево, Мордовия 
17296, 7259,  Андреаполь, Тверская область 
17271, 7614,  Дунай, Приморский край 
17192, 20379,  Пикалево, Ленинградская область 
17143, 3601,  Беркакит, Саха (Якутия) 
17143, 5080,  Большое Мурашкино, Нижегородская область 
17097, 15406,  Бокситогорск, Ленинградская область 
17063, 4145,  Славск, Калининградская область 
17045, 3232,  Кошурниково, Красноярский край 
17033, 3220,  Павловский, Пермский край 
17007, 5930,  Мордово, Тамбовская область 
17007, 20289,  Губаха, Пермский край 
17007, 26957,  Карпинск, Свердловская область 
17002, 2392,  Пригорск, Хакасия 
16981, 4847,  Шенкурск, Архангельская область 
16958, 4184,  Духовщина, Смоленская область 
16929, 88216,  Новотроицк, Оренбургская область 
16918, 17368,  Куса, Челябинская область 
16918, 5302,  Октябрьский, Рязанская область 
16918, 6956,  Верховье, Орловская область 
16885, 9546,  Наволоки, Ивановская область 
16857, 45291,  Чусовой, Пермский край 
16856, 4757,  Арсеньево, Тульская область 
16816, 17943,  Агинское, Забайкальский край 
16800, 9168,  Ельня, Смоленская область 
16762, 4414,  Мирный, Кировская область 
16726, 2984,  Юрино, Марий Эл 
16698, 2674,  Палкино, Псковская область 
16667, 10326,  Тюкалинск, Омская область 
16667, 7154,  Павлоградка, Омская область 
16667, 5866,  Спирово, Тверская область 
16667, 6160,  Чагода, Вологодская область 
16667, 17714,  Инза, Ульяновская область 
16667, 3470,  Локня, Псковская область 
16667, 3999,  Килемары, Марий Эл 
16667, 12972,  Горняк, Алтайский край 
16667, 5665,  Шиханы, Саратовская область 
16667, 8712,  Устюжна, Вологодская область 
16667, 5323,  Мотыгино, Красноярский край 
16667, 6963,  Савинский, Архангельская область 
16667, 3726,  Шимск, Новгородская область 
16667, 23296,  Красноармейск, Саратовская область 
16667, 2740,  Междуреченск, Самарская область 
16667, 4959,  Старая Кулатка, Ульяновская область 
16667, 8518,  Локомотивный, Челябинская область 
16637, 15194,  Заполярный, Мурманская область 
16533, 4453,  Демянск, Новгородская область 
16515, 5432,  Параньга, Марий Эл 
16495, 4973,  Куженер, Марий Эл 
16485, 5092,  Нефтегорск, Краснодарский край 
16418, 9966,  Дорогобуж, Смоленская область 
16417, 16702,  Куртамыш, Курганская область 
16393, 5181,  Дмитровск, Орловская область 
16346, 2705,  Перелешинский, Воронежская область 
16327, 9271,  Москаленки, Омская область 
16327, 7854,  Пачелма, Пензенская область 
16304, 9342,  Миньяр, Челябинская область 
16304, 11975,  Солнечный, Хабаровский край 
16304, 3296,  Новоржев, Псковская область 
16275, 32034,  Кандалакша, Мурманская область 
16265, 9796,  Земетчино, Пензенская область 
16216, 11897,  Верхнеднепровский, Смоленская область 
16179, 4922,  Туран, Тыва 
16159, 6156,  Вожега, Вологодская область 
16153, 10134,  Башмаково, Пензенская область 
16152, 9128,  Верхняя Тура, Свердловская область 
16136, 4248,  Каз, Кемеровская область 
16129, 7687,  Лесной, Рязанская область 
16129, 3842,  Сонково, Тверская область 
16119, 3610,  Теткино, Курская область 
16118, 5538,  Вохтога, Вологодская область 
16113, 3715,  Култук, Иркутская область 
16102, 3237,  Краснознаменск, Калининградская область 
16000, 4783,  Арья, Нижегородская область 
15909, 8378,  Юрьевец, Ивановская область 
15909, 15592,  Абаза, Хакасия 
15902, 6893,  Тевриз, Омская область 
15854, 9775,  Щучье, Курганская область 
15831, 10477,  Камбарка, Удмуртия 
15773, 25610,  Медногорск, Оренбургская область 
15770, 5050,  Савино, Ивановская область 
15741, 5715,  Гаврилов Посад, Ивановская область 
15714, 7046,  Томмот, Саха (Якутия) 
15707, 7907,  Колышлей, Пензенская область 
15702, 6141,  Курлово, Владимирская область 
15686, 6171,  Русская Поляна, Омская область 
15682, 5364,  Юрья, Кировская область 
15625, 7061,  Усть-Баргузин, Бурятия 
15601, 6319,  Беково, Пензенская область 
15588, 4757,  Судиславль, Костромская область 
15576, 16106,  Яранск, Кировская область 
15517, 5036,  Куркино, Тульская область 
15484, 2229,  Олымский, Курская область 
15466, 7769,  Максатиха, Тверская область 
15455, 3665,  Монастырщина, Смоленская область 
15419, 8527,  Заветы Ильича, Хабаровский край 
15406, 15587,  Красновишерск, Пермский край 
15400, 4825,  Оконешниково, Омская область 
15385, 66332,  Гуково, Ростовская область 
15319, 6300,  Майна, Ульяновская область 
15308, 5200,  Кулой, Архангельская область 
15278, 6676,  Токаревка, Тамбовская область 
15265, 11438,  Эльбан, Хабаровский край 
15198, 11171,  Верхний Тагил, Свердловская область 
15185, 6280,  Весьегонск, Тверская область 
15171, 6093,  Нововаршавка, Омская область 
15152, 7016,  Велиж, Смоленская область 
15152, 7589,  Салаир, Кемеровская область 
15141, 4816,  Шамилькала, Дагестан 
15136, 12696,  Снежногорск, Мурманская область 
15134, 7280,  Чаадаевка, Пензенская область 
15119, 19456,  Зверево, Ростовская область 
15116, 5358,  Ветлужский, Нижегородская область 
15116, 6988,  Кокуй, Забайкальский край 
15116, 8026,  Никольск, Вологодская область 
15094, 4653,  Идрица, Псковская область 
15082, 5535,  Лебяжье, Курганская область 
15058, 2619,  Чучково, Рязанская область 
15026, 20916,  Оха, Сахалинская область 
15000, 7685,  Дедовичи, Псковская область 
15000, 17568,  Полярный, Мурманская область 
14991, 5147,  Исса, Пензенская область 
14955, 7076,  Ясногорск, Забайкальский край 
14925, 6568,  Рудня, Волгоградская область 
14924, 2768,  Плюсса, Псковская область 
14912, 4899,  Сусуман, Магаданская область 
14894, 4686,  Ленинское, Кировская область 
14857, 2882,  Суслонгер, Марий Эл 
14842, 10384,  Заволжск, Ивановская область 
14834, 10078,  Прогресс, Амурская область 
14815, 3538,  Ягодное, Магаданская область 
14807, 17590,  Райчихинск, Амурская область 
14773, 2970,  Вяртсиля, Карелия 
14773, 6040,  Алзамай, Иркутская область 
14764, 6332,  Новый Ургал, Хабаровский край 
14756, 13110,  Свирск, Иркутская область 
14721, 11370,  Балей, Забайкальский край 
14706, 5140,  Гремячево, Нижегородская область 
14680, 4636,  Мухтолово, Нижегородская область 
14616, 3357,  Голынки, Смоленская область 
14611, 3005,  Шаблыкино, Орловская область 
14545, 4687,  Чердынь, Пермский край 
14516, 8995,  Сольцы, Новгородская область 
14483, 8366,  Комсомольск, Ивановская область 
14379, 2496,  Колобово, Ивановская область 
14370, 7650,  Быково, Волгоградская область 
14286, 6084,  Красавино, Вологодская область 
14286, 42581,  Мончегорск, Мурманская область 
14286, 5054,  Чухлома, Костромская область 
14286, 2887,  Курорт-Дарасун, Забайкальский край 
14286, 2098,  Сольвычегодск, Архангельская область 
14277, 2987,  Дровяная, Забайкальский край 
14247, 2533,  Нижний Баскунчак, Астраханская область 
14171, 3143,  Сандово, Тверская область 
14167, 4179,  Большая Ирба, Красноярский край 
14167, 4983,  Жигалово, Иркутская область 
14130, 4531,  Кропачево, Челябинская область 
14098, 10304,  Петухово, Курганская область 
14063, 26687,  Кировск, Мурманская область 
14063, 6784,  Парфино, Новгородская область 
14034, 4096,  Радищево, Ульяновская область 
14000, 7478,  Михайловка, Иркутская область 
14000, 5234,  Красный Холм, Тверская область 
13953, 4745,  Тонкино, Нижегородская область 
13929, 5414,  Березник, Архангельская область 
13889, 6168,  Красная Поляна, Кировская область 
13889, 7704,  Мишкино, Курганская область 
13871, 6747,  Каменск, Бурятия 
13871, 12841,  Александровск, Пермский край 
13857, 7052,  Восточный, Кировская область 
13811, 2974,  Осинки, Самарская область 
13793, 13578,  Ак-Довурак, Тыва 
13786, 5663,  Линево, Волгоградская область 
13759, 7477,  Игрим, Ханты-Мансийский АО 
13750, 6084,  Сосновоборск, Пензенская область 
13750, 10595,  Зуевка, Кировская область 
13750, 3542,  Гдов, Псковская область 
13725, 5181,  Усогорск, Коми 
13694, 8964,  Нея, Костромская область 
13692, 3478,  Пестяки, Ивановская область 
13684, 5636,  Кильмезь, Кировская область 
13659, 26543,  Североуральск, Свердловская область 
13649, 9658,  Новоаганск, Ханты-Мансийский АО 
13646, 4521,  Кикнур, Кировская область 
13636, 5431,  Озерный, Смоленская область 
13544, 4357,  Чистые Боры, Костромская область 
13529, 5255,  Кадом, Рязанская область 
13519, 4953,  Демьяново, Кировская область 
13514, 5615,  Мишелевка, Иркутская область 
13464, 9053,  Суоярви, Карелия 
13456, 9163,  Нижний Одес, Коми 
13449, 3606,  Пашия, Пермский край 
13438, 23142,  Красноуральск, Свердловская область 
13436, 3465,  Большегривское, Омская область 
13415, 5451,  Горьковское, Омская область 
13382, 2918,  Сазоново, Вологодская область 
13376, 6709,  Орлов, Кировская область 
13333, 2606,  Кожва, Коми 
13329, 16524,  Петровск-Забайкальский, Забайкальский край 
13309, 5899,  Вешкайма, Ульяновская область 
13255, 3527,  Ефимовский, Ленинградская область 
13221, 15929,  Новоузенск, Саратовская область 
13188, 3928,  Подтесово, Красноярский край 
13183, 15619,  Мантурово, Костромская область 
13171, 8339,  Ярославский, Приморский край 
13165, 3921,  Шумячи, Смоленская область 
13103, 6322,  Мураши, Кировская область 
13077, 3153,  Сусанино, Костромская область 
13000, 5985,  Хвойная, Новгородская область 
12955, 3663,  Языково, Ульяновская область 
12927, 3141,  Лебяжье, Кировская область 
12927, 5018,  Бердяуш, Челябинская область 
12903, 4658,  Умба, Мурманская область 
12821, 4053,  Лоухи, Карелия 
12797, 3779,  Хиславичи, Смоленская область 
12791, 7588,  Шолоховский, Ростовская область 
12784, 6630,  Даровской, Кировская область 
12744, 7810,  Макушино, Курганская область 
12668, 4290,  Красный Октябрь, Курганская область 
12615, 2785,  Кунья, Псковская область 
12606, 7860,  Верхний Баскунчак, Астраханская область 
12518, 4788,  Фаленки, Кировская область 
12500, 5335,  Пыталово, Псковская область 
12465, 15861,  Межгорье, Башкортостан 
12361, 5425,  Дубки, Дагестан 
12346, 4982,  Лесогорск, Иркутская область 
12340, 9185,  Харовск, Вологодская область 
12293, 11514,  Сорск, Хакасия 
12286, 11334,  Первомайский, Забайкальский край 
12281, 5247,  Юрты, Иркутская область 
12209, 4204,  Краснокаменск, Красноярский край 
12121, 3523,  Новоильинский, Пермский край 
12069, 4001,  Пижма, Нижегородская область 
12022, 4169,  Санчурск, Кировская область 
11875, 6632,  Макарьев, Костромская область 
11818, 21039,  Оленегорск, Мурманская область 
11750, 20574,  Тырныауз, Кабардино-Балкария 
11709, 3393,  Светлый, Саха (Якутия) 
11702, 11249,  Закаменск, Бурятия 
11490, 16892,  Ковдор, Мурманская область 
11475, 6393,  Сурск, Пензенская область 
11364, 2884,  Теплая Гора, Пермский край 
11268, 4471,  Лямино, Пермский край 
11250, 8275,  Сосьва, Свердловская область 
11122, 3522,  Старотимошкино, Ульяновская область 
11111, 3445,  Холм, Новгородская область 
11111, 3777,  Подосиновец, Кировская область 
11056, 13137,  Лагань, Калмыкия 
11017, 8717,  Озинки, Саратовская область 
10976, 2862,  Муезерский, Карелия 
10936, 3506,  Мортка, Ханты-Мансийский АО 
10889, 23280,  Гусиноозерск, Бурятия 
10887, 3625,  Ольга, Приморский край 
10714, 6745,  Тамала, Пензенская область 
10714, 4368,  Умет, Тамбовская область 
10714, 4914,  Ныроб, Пермский край 
10657, 3507,  Кадый, Костромская область 
10656, 5747,  Зеленоборский, Мурманская область 
10632, 19590,  Бакал, Челябинская область 
10631, 3944,  Тыреть 1-я, Иркутская область 
10620, 2535,  Любытино, Новгородская область 
10600, 12132,  Шерловая Гора, Забайкальский край 
10526, 3763,  Омсукчан, Магаданская область 
10474, 3268,  Белый, Тверская область 
10465, 9109,  Углеуральский, Пермский край 
10465, 15572,  Кизел, Пермский край 
10417, 4172,  Верхошижемье, Кировская область 
10400, 4761,  Магнитка, Челябинская область 
10377, 4564,  Поназырево, Костромская область 
10377, 3519,  Чермоз, Пермский край 
10333, 8885,  Волчанск, Свердловская область 
10204, 2773,  Бира, Еврейская АО 
10178, 7472,  Оловянная, Забайкальский край 
10056, 8798,  Городовиковск, Калмыкия 
10000, 7611,  Затеречный, Ставропольский край 
10000, 58133,  Воркута, Коми 
10000, 10359,  Луза, Кировская область 
10000, 10205,  Вуктыл, Коми 
9931, 4482,  Ржакса, Тамбовская область 
9914, 4754,  Игарка, Красноярский край 
9804, 3237,  Жарковский, Тверская область 
9773, 5362,  Заиграево, Бурятия 
9756, 2453,  Всеволодо-Вильва, Пермский край 
9717, 4210,  Свеча, Кировская область 
9673, 3881,  Калевала, Карелия 
9524, 3207,  Арбаж, Кировская область 
9456, 11178,  Карабаш, Челябинская область 
9273, 3450,  Нема, Кировская область 
9259, 3309,  Вершина Теи, Хакасия 
9219, 9000,  Гремячинск, Пермский край 
9188, 3090,  Малиновое Озеро, Алтайский край 
9179, 2324,  Чупа, Карелия 
8974, 2762,  Лух, Ивановская область 
8974, 4952,  Вахтан, Нижегородская область 
8954, 2755,  Светлополянск, Кировская область 
8923, 3304,  Варнавино, Нижегородская область 
8879, 7873,  Ревда, Мурманская область 
8667, 4476,  Нагорск, Кировская область 
8621, 26271,  Инта, Коми 
8511, 3682,  Мухен, Хабаровский край 
8386, 4233,  Уни, Кировская область 
7800, 2713,  Белогорск, Кемеровская область 
7675, 11599,  Никель, Мурманская область 
7609, 7690,  Надвоицы, Карелия 
7542, 3198,  Рудногорск, Иркутская область 
7424, 3859,  Сява, Нижегородская область 
6933, 3273,  Усть-Омчуг, Магаданская область 
6250, 2041,  Кедровый, Томская область 
5952, 2876,  Войвож, Коми 
5947, 4115,  Песковка, Кировская область 
5208, 3032,  Кологрив, Костромская область 
5107, 3887,  Опарино, Кировская область 
4839, 4381,  Рудничный, Кировская область 
3261, 10345,  Воргашор, Коми 
